name,kind,vcpp_has,corpus_calls,programs
arrow,builtin (GScompiler.js vp_primitives),yes,6,5
box,builtin (GScompiler.js vp_primitives),yes,50,18
compound,builtin (GScompiler.js vp_primitives),yes,11,4
cone,builtin (GScompiler.js vp_primitives),yes,6,5
curve,builtin (GScompiler.js vp_primitives),yes,15,6
cylinder,builtin (GScompiler.js vp_primitives),yes,23,10
ellipsoid,builtin (GScompiler.js vp_primitives),yes,1,1
extrusion,builtin (GScompiler.js vp_primitives),yes,30,5
helix,builtin (GScompiler.js vp_primitives),yes,3,3
points,builtin (GScompiler.js vp_primitives),yes,1,1
pyramid,builtin (GScompiler.js vp_primitives),yes,4,4
ring,builtin (GScompiler.js vp_primitives),yes,5,5
sphere,builtin (GScompiler.js vp_primitives),yes,55,26
simple_sphere,builtin (GScompiler.js vp_primitives),no,0,0
group,builtin (GScompiler.js vp_primitives),yes,1,1
vec,builtin (GScompiler.js vp_primitives),yes,275,27
vector,builtin (GScompiler.js vp_primitives),yes,257,21
rate,builtin (GScompiler.js vp_primitives),yes,34,31
sleep,builtin (GScompiler.js vp_primitives),yes,1,1
update,builtin (GScompiler.js vp_primitives),yes,0,0
color,builtin (GScompiler.js vp_primitives),yes,0,0
paths,builtin (GScompiler.js vp_primitives),no,0,0
shapes,builtin (GScompiler.js vp_primitives),no,0,0
canvas,builtin (GScompiler.js vp_primitives),no,1,1
vertex,builtin (GScompiler.js vp_primitives),yes,6,3
triangle,builtin (GScompiler.js vp_primitives),yes,0,0
quad,builtin (GScompiler.js vp_primitives),yes,3,3
label,builtin (GScompiler.js vp_primitives),yes,3,3
distant_light,builtin (GScompiler.js vp_primitives),yes,2,2
local_light,builtin (GScompiler.js vp_primitives),yes,0,0
attach_trail,builtin (GScompiler.js vp_primitives),no,0,0
attach_arrow,builtin (GScompiler.js vp_primitives),no,0,0
attach_light,builtin (GScompiler.js vp_primitives),yes,2,1
sqrt,builtin (GScompiler.js vp_primitives),no,7,6
pi,builtin (GScompiler.js vp_primitives),no,0,0
sin,builtin (GScompiler.js vp_primitives),no,47,13
cos,builtin (GScompiler.js vp_primitives),no,43,12
tan,builtin (GScompiler.js vp_primitives),no,0,0
asin,builtin (GScompiler.js vp_primitives),no,2,2
acos,builtin (GScompiler.js vp_primitives),no,1,1
atan,builtin (GScompiler.js vp_primitives),no,5,1
atan2,builtin (GScompiler.js vp_primitives),no,0,0
exp,builtin (GScompiler.js vp_primitives),no,4,2
log,builtin (GScompiler.js vp_primitives),no,0,0
pow,builtin (GScompiler.js vp_primitives),no,0,0
factorial,builtin (GScompiler.js vp_primitives),no,0,0
combin,builtin (GScompiler.js vp_primitives),no,0,0
button,builtin (GScompiler.js vp_primitives),no,8,6
radio,builtin (GScompiler.js vp_primitives),no,2,1
checkbox,builtin (GScompiler.js vp_primitives),no,2,2
slider,builtin (GScompiler.js vp_primitives),no,2,2
text,builtin (GScompiler.js vp_primitives),yes,11,5
download,builtin (GScompiler.js vp_primitives),no,0,0
radians,builtin (GScompiler.js vp_primitives),no,0,0
degrees,builtin (GScompiler.js vp_primitives),yes,0,0
get_library,builtin (GScompiler.js vp_primitives),no,0,0
read_local_file,builtin (GScompiler.js vp_primitives),no,0,0
rotate,vector function/method (vector.html),yes,0,0
