object,attr,uses,programs
sphere,p,51,12
sphere,v,37,8
sphere,m,18,7
sphere,vi,17,7
extrusion,texture,15,4
sphere,mass,14,8
wtext,text,10,3
sphere,old_p,8,4
sphere,T,7,3
extrusion,pos,6,3
sphere,velocity,6,1
sphere,momentum,5,3
gcurve,interval,4,1
sphere,F,4,1
sphere,velocityi,3,1
sphere,t,3,1
wtext,pos,2,1
sphere,Q,2,1
extrusion,emissive,2,1
extrusion,shininess,2,1
extrusion,end_face_color,2,1
sphere,trail_color,2,2
cylinder,p,2,1
sphere,velocity_graph,2,1
helix,start,1,1
helix,end,1,1
sphere,index,1,1
arrow,radius,1,1
button,name,1,1
slider,id,1,1
extrusion,up,1,1
extrusion,start_face_color,1,1
extrusion,axis,1,1
canvas,range,1,1
quad,texture,1,1
cylinder,m,1,1
pyramid,index,1,1
sphere,to,1,1
sphere,vel,1,1
