name,runtime_source,is_object,compiler_builtin,waits,vcpp_has,corpus_calls
GSprint,api_misc.js:803,,,,no,0
__convert,api_misc.js:801,,,,no,0
__parsearray,api_misc.js:802,,,,no,0
abs,api_misc.js:773,,,,yes,13
acos,api_misc.js:778,,yes,,no,1
arrow,primitives.js:3748,yes,yes,,yes,6
asin,api_misc.js:777,,yes,,no,2
atan,api_misc.js:779,,yes,,no,5
atan2,api_misc.js:780,,yes,,no,0
attach_arrow,primitives.js:3764,yes,yes,,no,0
attach_light,primitives.js:3765,yes,yes,,yes,2
attach_trail,primitives.js:3763,yes,yes,,no,0
box,primitives.js:3740,yes,yes,,yes,50
bumpmaps,primitives.js:3767,yes,,,no,0
button,primitives.js:3775,yes,yes,,no,8
canvas,canvas.js:828,yes,yes,,no,1
ceil,api_misc.js:784,,,,no,1
checkbox,primitives.js:3774,yes,yes,,no,2
clock,api_misc.js:806,,,,no,0
color,color.js:100,yes,yes,,no,0
combin,api_misc.js:792,,yes,,no,0
comp,vectors.js:784,,,,yes,0
compound,primitives.js:3755,yes,yes,,yes,11
cone,primitives.js:3743,,yes,,yes,6
cos,api_misc.js:775,,yes,,no,43
cross,vectors.js:782,,,,yes,2
curve,primitives.js:3749,yes,yes,,yes,15
cylinder,primitives.js:3742,yes,yes,,yes,23
degrees,api_misc.js:794,,yes,,no,0
diff_angle,vectors.js:785,,,,yes,0
distant_light,primitives.js:3761,yes,yes,,yes,2
dot,vectors.js:781,,,,yes,1
download,api_misc.js:810,,yes,,no,0
draw,primitives.js:3759,yes,,,no,0
ellipsoid,primitives.js:3746,yes,yes,,yes,1
exp,api_misc.js:781,,yes,,no,4
extrusion,extrude.js:1248,yes,yes,,yes,30
factorial,api_misc.js:791,,yes,,no,0
floor,api_misc.js:785,,,,no,1
fontloading,api_misc.js:798,,,,no,0
gcurve,graph.js:1563,yes,,,yes,130
gdots,graph.js:1564,yes,,,yes,1
get_library,api_misc.js:808,,yes,,no,0
ghbars,graph.js:1566,yes,,,no,0
graph,graph.js:1559,yes,,,yes,52
group,primitives.js:3741,yes,yes,,no,1
gvbars,graph.js:1565,yes,,,yes,2
hat,vectors.js:780,,,,yes,3
helix,primitives.js:3753,yes,yes,,yes,3
keysdown,canvas.js:828,,,,yes,0
label,primitives.js:3760,yes,yes,,yes,3
local_light,primitives.js:3762,yes,yes,,yes,0
log,api_misc.js:782,,yes,,no,0
log10,vectors.js:776,,,,no,0
mag,vectors.js:777,,,,yes,16
mag2,vectors.js:778,,,,yes,4
max,api_misc.js:787,,,,no,1
menu,primitives.js:3777,yes,,,no,2
min,api_misc.js:788,,,,no,1
msclock,api_misc.js:807,,,,no,0
norm,vectors.js:779,,,,yes,5
paths,primitives.js:3751,yes,yes,,no,0
pi,api_misc.js:772,,yes,,no,0
points,primitives.js:3750,yes,yes,,yes,1
pow,api_misc.js:783,,yes,,no,0
print,api_misc.js:800,,,,no,14
print_options,api_misc.js:805,,,,no,0
print_to_string,api_misc.js:804,,,,no,0
proj,vectors.js:783,,,,yes,0
pyramid,primitives.js:3744,,yes,,yes,4
quad,primitives.js:3758,yes,yes,,yes,3
radians,api_misc.js:793,,yes,,no,0
radio,primitives.js:3771,yes,yes,,no,2
random,api_misc.js:789,,,,yes,8
rate,WebGLRenderer.js:1757,,yes,,yes,34
read_local_file,api_misc.js:809,,yes,,no,0
ring,primitives.js:3754,yes,yes,,yes,5
rotate,vectors.js:786,,,,yes,0
round,api_misc.js:790,,,,no,0
shapes,primitives.js:3752,yes,yes,,no,0
sign,api_misc.js:786,,,,no,0
simple_sphere,primitives.js:3747,yes,yes,,no,0
sin,api_misc.js:774,,yes,,no,47
sleep,api_misc.js:796,,yes,,yes,1
slider,primitives.js:3776,yes,yes,,no,2
sphere,primitives.js:3745,yes,yes,,yes,55
sqrt,api_misc.js:771,,yes,,no,7
tan,api_misc.js:776,,yes,,no,0
text,primitives.js:3768,yes,yes,,yes,11
textures,primitives.js:3766,yes,,,no,0
triangle,primitives.js:3757,yes,yes,,yes,0
update,api_misc.js:799,,yes,,no,0
vec,vectors.js:668,yes,yes,,yes,275
vector,vectors.js:669,,yes,,no,257
vertex,primitives.js:3756,yes,yes,,no,6
waitforfonts,api_misc.js:797,,,,no,0
winput,primitives.js:3770,yes,,,no,0
wtext,primitives.js:3769,yes,,,no,6
